,filepath
0,data_937.jpg
1,data_545.jpg
2,data_98.jpg
3,data_863.jpg
4,data_46.jpg
5,data_314.jpg
6,data_867.jpg
7,data_82.jpg
8,data_308.jpg
9,data_206.jpg
10,data_319.jpg
11,data_89.jpg
12,data_159.jpg
13,data_634.jpg
14,data_680.jpg
15,data_694.jpg
16,data_668.jpg
17,data_506.jpg
18,data_231.jpg
19,data_129.jpg
20,data_612.jpg
21,data_58.jpg
22,data_193.jpg
23,data_363.jpg
24,data_430.jpg
25,data_899.jpg
26,data_795.jpg
27,data_890.jpg
28,data_204.jpg
29,data_608.jpg
30,data_145.jpg
31,data_778.jpg
32,data_491.jpg
33,data_710.jpg
34,data_36.jpg
35,data_37.jpg
36,data_588.jpg
37,data_447.jpg
38,data_918.jpg
39,data_536.jpg
40,data_15.jpg
41,data_419.jpg
42,data_609.jpg
43,data_125.jpg
44,data_820.jpg
45,data_730.jpg
46,data_913.jpg
47,data_373.jpg
48,data_894.jpg
49,data_357.jpg
50,data_169.jpg
51,data_240.jpg
52,data_29.jpg
53,data_278.jpg
54,data_436.jpg
55,data_469.jpg
56,data_353.jpg
57,data_978.jpg
58,data_1.jpg
59,data_187.jpg
60,data_78.jpg
61,data_687.jpg
62,data_272.jpg
63,data_882.jpg
64,data_613.jpg
65,data_717.jpg
66,data_845.jpg
67,data_522.jpg
68,data_647.jpg
69,data_948.jpg
70,data_460.jpg
71,data_336.jpg
72,data_108.jpg
73,data_851.jpg
74,data_742.jpg
75,data_915.jpg
76,data_87.jpg
77,data_109.jpg
78,data_330.jpg
79,data_483.jpg
80,data_388.jpg
81,data_316.jpg
82,data_176.jpg
83,data_756.jpg
84,data_294.jpg
85,data_840.jpg
86,data_13.jpg
87,data_390.jpg
88,data_11.jpg
89,data_70.jpg
90,data_433.jpg
91,data_770.jpg
92,data_62.jpg
93,data_846.jpg
94,data_927.jpg
95,data_27.jpg
96,data_705.jpg
97,data_45.jpg
98,data_723.jpg
99,data_239.jpg
100,data_198.jpg
101,data_939.jpg
102,data_121.jpg
103,data_940.jpg
104,data_597.jpg
105,data_844.jpg
106,data_407.jpg
107,data_208.jpg
108,data_507.jpg
109,data_370.jpg
110,data_824.jpg
111,data_624.jpg
112,data_456.jpg
113,data_445.jpg
114,data_396.jpg
115,data_746.jpg
116,data_326.jpg
117,data_567.jpg
118,data_130.jpg
119,data_992.jpg
120,data_902.jpg
121,data_252.jpg
122,data_934.jpg
123,data_996.jpg
124,data_247.jpg
125,data_576.jpg
126,data_974.jpg
127,data_422.jpg
128,data_873.jpg
129,data_235.jpg
130,data_667.jpg
131,data_557.jpg
132,data_361.jpg
133,data_498.jpg
134,data_150.jpg
135,data_962.jpg
136,data_663.jpg
137,data_455.jpg
138,data_132.jpg
139,data_561.jpg
140,data_618.jpg
141,data_53.jpg
142,data_526.jpg
143,data_395.jpg
144,data_565.jpg
145,data_277.jpg
146,data_787.jpg
147,data_638.jpg
148,data_114.jpg
149,data_295.jpg
150,data_808.jpg
151,data_480.jpg
152,data_155.jpg
153,data_379.jpg
154,data_531.jpg
155,data_529.jpg
156,data_832.jpg
157,data_674.jpg
158,data_760.jpg
159,data_393.jpg
160,data_887.jpg
161,data_826.jpg
162,data_220.jpg
163,data_213.jpg
164,data_332.jpg
165,data_57.jpg
166,data_539.jpg
167,data_664.jpg
168,data_91.jpg
169,data_209.jpg
170,data_538.jpg
171,data_16.jpg
172,data_512.jpg
173,data_92.jpg
174,data_520.jpg
175,data_901.jpg
176,data_888.jpg
177,data_227.jpg
178,data_340.jpg
179,data_259.jpg
180,data_157.jpg
181,data_324.jpg
182,data_665.jpg
183,data_60.jpg
184,data_802.jpg
185,data_807.jpg
186,data_450.jpg
187,data_631.jpg
188,data_464.jpg
189,data_790.jpg
190,data_410.jpg
191,data_360.jpg
192,data_333.jpg
193,data_843.jpg
194,data_806.jpg
195,data_850.jpg
196,data_625.jpg
197,data_444.jpg
198,data_185.jpg
199,data_916.jpg
200,data_173.jpg
201,data_847.jpg
202,data_834.jpg
203,data_229.jpg
204,data_116.jpg
205,data_221.jpg
206,data_801.jpg
207,data_869.jpg
208,data_750.jpg
209,data_31.jpg
210,data_79.jpg
211,data_921.jpg
212,data_735.jpg
213,data_740.jpg
214,data_77.jpg
215,data_408.jpg
216,data_248.jpg
217,data_250.jpg
218,data_922.jpg
219,data_860.jpg
220,data_800.jpg
221,data_628.jpg
222,data_700.jpg
223,data_595.jpg
224,data_501.jpg
225,data_233.jpg
226,data_898.jpg
227,data_642.jpg
228,data_476.jpg
229,data_481.jpg
230,data_523.jpg
231,data_784.jpg
232,data_865.jpg
233,data_938.jpg
234,data_630.jpg
235,data_530.jpg
236,data_785.jpg
237,data_194.jpg
238,data_94.jpg
239,data_153.jpg
240,data_632.jpg
241,data_604.jpg
242,data_103.jpg
243,data_258.jpg
244,data_478.jpg
245,data_142.jpg
246,data_389.jpg
247,data_554.jpg
248,data_188.jpg
249,data_904.jpg
250,data_984.jpg
251,data_52.jpg
252,data_50.jpg
253,data_661.jpg
254,data_766.jpg
255,data_394.jpg
256,data_762.jpg
257,data_86.jpg
258,data_505.jpg
259,data_368.jpg
260,data_950.jpg
261,data_413.jpg
262,data_521.jpg
263,data_416.jpg
264,data_64.jpg
265,data_22.jpg
266,data_40.jpg
267,data_856.jpg
268,data_672.jpg
269,data_788.jpg
270,data_728.jpg
271,data_789.jpg
272,data_707.jpg
273,data_44.jpg
274,data_120.jpg
275,data_135.jpg
276,data_315.jpg
277,data_165.jpg
278,data_764.jpg
279,data_941.jpg
280,data_822.jpg
281,data_494.jpg
282,data_275.jpg
283,data_222.jpg
284,data_448.jpg
285,data_792.jpg
286,data_281.jpg
287,data_560.jpg
288,data_914.jpg
289,data_417.jpg
290,data_673.jpg
291,data_306.jpg
292,data_876.jpg
293,data_451.jpg
294,data_639.jpg
295,data_875.jpg
296,data_18.jpg
297,data_95.jpg
298,data_276.jpg
299,data_510.jpg
300,data_720.jpg
301,data_249.jpg
302,data_932.jpg
303,data_877.jpg
304,data_47.jpg
305,data_535.jpg
306,data_643.jpg
307,data_292.jpg
308,data_773.jpg
309,data_273.jpg
310,data_88.jpg
311,data_269.jpg
312,data_128.jpg
313,data_614.jpg
314,data_331.jpg
315,data_298.jpg
316,data_344.jpg
317,data_124.jpg
318,data_264.jpg
319,data_339.jpg
320,data_681.jpg
321,data_744.jpg
322,data_181.jpg
323,data_280.jpg
324,data_679.jpg
325,data_72.jpg
326,data_993.jpg
327,data_602.jpg
328,data_831.jpg
329,data_525.jpg
330,data_266.jpg
331,data_337.jpg
332,data_714.jpg
333,data_457.jpg
334,data_140.jpg
335,data_967.jpg
336,data_473.jpg
337,data_585.jpg
338,data_312.jpg
339,data_933.jpg
340,data_178.jpg
341,data_364.jpg
342,data_593.jpg
343,data_305.jpg
344,data_654.jpg
345,data_605.jpg
346,data_791.jpg
347,data_310.jpg
348,data_957.jpg
349,data_696.jpg
350,data_607.jpg
351,data_211.jpg
352,data_158.jpg
353,data_979.jpg
354,data_733.jpg
355,data_318.jpg
356,data_502.jpg
357,data_532.jpg
358,data_835.jpg
359,data_838.jpg
360,data_995.jpg
361,data_191.jpg
362,data_620.jpg
363,data_699.jpg
364,data_343.jpg
365,data_582.jpg
366,data_519.jpg
367,data_371.jpg
368,data_796.jpg
369,data_655.jpg
370,data_365.jpg
371,data_154.jpg
372,data_74.jpg
373,data_775.jpg
374,data_270.jpg
375,data_734.jpg
376,data_342.jpg
377,data_983.jpg
378,data_262.jpg
379,data_975.jpg
380,data_391.jpg
381,data_658.jpg
382,data_418.jpg
383,data_489.jpg
384,data_414.jpg
385,data_113.jpg
386,data_862.jpg
387,data_812.jpg
388,data_821.jpg
389,data_385.jpg
390,data_721.jpg
391,data_591.jpg
392,data_296.jpg
393,data_748.jpg
394,data_551.jpg
395,data_215.jpg
396,data_912.jpg
397,data_446.jpg
398,data_780.jpg
399,data_3.jpg
400,data_443.jpg
401,data_568.jpg
402,data_495.jpg
403,data_616.jpg
404,data_855.jpg
405,data_548.jpg
406,data_598.jpg
407,data_892.jpg
408,data_823.jpg
409,data_420.jpg
410,data_697.jpg
411,data_374.jpg
412,data_96.jpg
413,data_958.jpg
414,data_559.jpg
415,data_34.jpg
416,data_656.jpg
417,data_202.jpg
418,data_106.jpg
419,data_724.jpg
420,data_452.jpg
421,data_225.jpg
422,data_349.jpg
423,data_216.jpg
424,data_32.jpg
425,data_251.jpg
426,data_254.jpg
427,data_291.jpg
428,data_241.jpg
429,data_426.jpg
430,data_589.jpg
431,data_786.jpg
432,data_68.jpg
433,data_649.jpg
434,data_366.jpg
435,data_676.jpg
436,data_552.jpg
437,data_909.jpg
438,data_180.jpg
439,data_192.jpg
440,data_256.jpg
441,data_201.jpg
442,data_943.jpg
443,data_327.jpg
444,data_218.jpg
445,data_722.jpg
446,data_362.jpg
447,data_431.jpg
448,data_392.jpg
449,data_253.jpg
450,data_217.jpg
451,data_104.jpg
452,data_184.jpg
453,data_356.jpg
454,data_255.jpg
455,data_509.jpg
456,data_981.jpg
457,data_813.jpg
458,data_397.jpg
459,data_592.jpg
460,data_81.jpg
461,data_804.jpg
462,data_199.jpg
463,data_601.jpg
464,data_234.jpg
465,data_482.jpg
466,data_123.jpg
467,data_468.jpg
468,data_833.jpg
469,data_657.jpg
470,data_265.jpg
471,data_467.jpg
472,data_168.jpg
473,data_472.jpg
474,data_704.jpg
475,data_859.jpg
476,data_429.jpg
477,data_662.jpg
478,data_367.jpg
479,data_149.jpg
480,data_459.jpg
481,data_282.jpg
482,data_508.jpg
483,data_580.jpg
484,data_355.jpg
485,data_384.jpg
486,data_772.jpg
487,data_885.jpg
488,data_871.jpg
489,data_611.jpg
490,data_261.jpg
491,data_172.jpg
492,data_575.jpg
493,data_987.jpg
494,data_115.jpg
495,data_166.jpg
496,data_841.jpg
497,data_951.jpg
498,data_910.jpg
499,data_781.jpg
500,data_175.jpg
501,data_880.jpg
502,data_93.jpg
503,data_485.jpg
504,data_186.jpg
505,data_35.jpg
506,data_212.jpg
507,data_747.jpg
508,data_641.jpg
509,data_236.jpg
510,data_644.jpg
511,data_765.jpg
512,data_21.jpg
513,data_752.jpg
514,data_398.jpg
515,data_100.jpg
516,data_626.jpg
517,data_503.jpg
518,data_751.jpg
519,data_84.jpg
520,data_286.jpg
521,data_946.jpg
522,data_146.jpg
523,data_669.jpg
524,data_387.jpg
525,data_945.jpg
526,data_972.jpg
527,data_197.jpg
528,data_543.jpg
529,data_223.jpg
530,data_304.jpg
531,data_117.jpg
532,data_490.jpg
533,data_931.jpg
534,data_200.jpg
535,data_267.jpg
536,data_627.jpg
537,data_127.jpg
538,data_375.jpg
539,data_75.jpg
540,data_636.jpg
541,data_358.jpg
542,data_137.jpg
543,data_9.jpg
544,data_861.jpg
545,data_207.jpg
546,data_237.jpg
547,data_424.jpg
548,data_189.jpg
549,data_758.jpg
550,data_71.jpg
551,data_923.jpg
552,data_936.jpg
553,data_242.jpg
554,data_653.jpg
555,data_325.jpg
556,data_690.jpg
557,data_411.jpg
558,data_977.jpg
559,data_878.jpg
560,data_359.jpg
561,data_487.jpg
562,data_346.jpg
563,data_706.jpg
564,data_442.jpg
565,data_329.jpg
566,data_670.jpg
567,data_421.jpg
568,data_156.jpg
569,data_484.jpg
570,data_703.jpg
571,data_66.jpg
572,data_182.jpg
573,data_749.jpg
574,data_617.jpg
575,data_51.jpg
576,data_39.jpg
577,data_708.jpg
578,data_990.jpg
579,data_896.jpg
580,data_112.jpg
581,data_144.jpg
582,data_666.jpg
583,data_83.jpg
584,data_25.jpg
585,data_982.jpg
586,data_633.jpg
587,data_815.jpg
588,data_684.jpg
589,data_320.jpg
590,data_893.jpg
591,data_302.jpg
592,data_964.jpg
593,data_606.jpg
594,data_24.jpg
595,data_689.jpg
596,data_496.jpg
597,data_569.jpg
598,data_486.jpg
599,data_461.jpg
600,data_232.jpg
601,data_755.jpg
602,data_925.jpg
603,data_205.jpg
604,data_848.jpg
605,data_842.jpg
606,data_858.jpg
607,data_584.jpg
608,data_351.jpg
609,data_683.jpg
610,data_97.jpg
611,data_935.jpg
612,data_973.jpg
613,data_994.jpg
614,data_872.jpg
615,data_732.jpg
616,data_488.jpg
617,data_960.jpg
618,data_920.jpg
619,data_866.jpg
620,data_549.jpg
621,data_12.jpg
622,data_210.jpg
623,data_852.jpg
624,data_514.jpg
625,data_458.jpg
626,data_891.jpg
627,data_895.jpg
628,data_41.jpg
629,data_629.jpg
630,data_425.jpg
631,data_911.jpg
632,data_540.jpg
633,data_578.jpg
634,data_107.jpg
635,data_998.jpg
636,data_80.jpg
637,data_886.jpg
638,data_102.jpg
639,data_105.jpg
640,data_583.jpg
641,data_518.jpg
642,data_474.jpg
643,data_405.jpg
644,data_284.jpg
645,data_677.jpg
646,data_986.jpg
647,data_10.jpg
648,data_997.jpg
649,data_718.jpg
650,data_1000.jpg
651,data_311.jpg
652,data_440.jpg
653,data_28.jpg
654,data_805.jpg
655,data_924.jpg
656,data_423.jpg
657,data_731.jpg
658,data_688.jpg
659,data_177.jpg
660,data_516.jpg
661,data_244.jpg
662,data_953.jpg
663,data_966.jpg
664,data_288.jpg
665,data_572.jpg
666,data_513.jpg
667,data_546.jpg
668,data_816.jpg
669,data_290.jpg
670,data_174.jpg
671,data_640.jpg
672,data_908.jpg
673,data_955.jpg
674,data_874.jpg
675,data_753.jpg
676,data_971.jpg
677,data_637.jpg
678,data_61.jpg
679,data_574.jpg
680,data_900.jpg
681,data_380.jpg
682,data_737.jpg
683,data_143.jpg
684,data_138.jpg
685,data_437.jpg
686,data_793.jpg
687,data_754.jpg
688,data_170.jpg
689,data_183.jpg
690,data_271.jpg
691,data_151.jpg
692,data_928.jpg
693,data_968.jpg
694,data_827.jpg
695,data_651.jpg
696,data_350.jpg
697,data_381.jpg
698,data_101.jpg
699,data_42.jpg
700,data_118.jpg
701,data_352.jpg
702,data_345.jpg
703,data_686.jpg
704,data_929.jpg
705,data_594.jpg
706,data_4.jpg
707,data_401.jpg
708,data_719.jpg
709,data_776.jpg
710,data_868.jpg
711,data_226.jpg
712,data_499.jpg
713,data_570.jpg
714,data_328.jpg
715,data_716.jpg
716,data_479.jpg
717,data_23.jpg
718,data_30.jpg
719,data_544.jpg
720,data_809.jpg
721,data_462.jpg
722,data_836.jpg
723,data_243.jpg
724,data_725.jpg
725,data_432.jpg
726,data_334.jpg
727,data_386.jpg
728,data_454.jpg
729,data_779.jpg
730,data_268.jpg
731,data_970.jpg
732,data_534.jpg
733,data_652.jpg
734,data_692.jpg
735,data_511.jpg
736,data_517.jpg
737,data_709.jpg
738,data_947.jpg
739,data_635.jpg
740,data_537.jpg
741,data_711.jpg
742,data_587.jpg
743,data_119.jpg
744,data_586.jpg
745,data_819.jpg
746,data_623.jpg
747,data_99.jpg
748,data_989.jpg
749,data_590.jpg
750,data_317.jpg
751,data_678.jpg
752,data_110.jpg
753,data_849.jpg
754,data_956.jpg
755,data_378.jpg
756,data_195.jpg
757,data_811.jpg
758,data_321.jpg
759,data_285.jpg
760,data_263.jpg
761,data_622.jpg
762,data_471.jpg
763,data_897.jpg
764,data_870.jpg
765,data_161.jpg
766,data_542.jpg
767,data_524.jpg
768,data_347.jpg
769,data_404.jpg
770,data_439.jpg
771,data_283.jpg
772,data_56.jpg
773,data_985.jpg
774,data_475.jpg
775,data_399.jpg
776,data_853.jpg
777,data_603.jpg
778,data_48.jpg
779,data_828.jpg
780,data_759.jpg
781,data_615.jpg
782,data_492.jpg
783,data_727.jpg
784,data_528.jpg
785,data_533.jpg
786,data_702.jpg
787,data_55.jpg
788,data_196.jpg
789,data_930.jpg
790,data_335.jpg
791,data_769.jpg
792,data_76.jpg
793,data_131.jpg
794,data_600.jpg
795,data_745.jpg
796,data_761.jpg
797,data_383.jpg
798,data_550.jpg
799,data_167.jpg
800,data_323.jpg
801,data_224.jpg
802,data_6.jpg
803,data_20.jpg
804,data_303.jpg
805,data_884.jpg
806,data_527.jpg
807,data_400.jpg
808,data_883.jpg
809,data_133.jpg
810,data_406.jpg
811,data_69.jpg
812,data_919.jpg
813,data_313.jpg
814,data_369.jpg
815,data_621.jpg
816,data_341.jpg
817,data_817.jpg
818,data_515.jpg
819,data_797.jpg
820,data_799.jpg
821,data_90.jpg
822,data_293.jpg
823,data_466.jpg
824,data_837.jpg
825,data_38.jpg
826,data_818.jpg
827,data_959.jpg
828,data_228.jpg
829,data_610.jpg
830,data_338.jpg
831,data_8.jpg
832,data_415.jpg
833,data_965.jpg
834,data_698.jpg
835,data_619.jpg
836,data_126.jpg
837,data_279.jpg
838,data_906.jpg
839,data_556.jpg
840,data_691.jpg
841,data_562.jpg
842,data_65.jpg
843,data_547.jpg
844,data_854.jpg
845,data_434.jpg
846,data_300.jpg
847,data_991.jpg
848,data_49.jpg
849,data_85.jpg
